,mse,mae,r2,mean_ic,ic_ir,mean_rank_ic,rank_ic_ir,mean_ls_return,ls_sharpe,group_1_ret,group_2_ret,group_3_ret,group_4_ret,group_5_ret
raw_linear,1.7416262063064405,1.049324320430912,0.08708256620562316,0.28952074637748354,2.9490603602556473,0.28729554118216477,2.6613686942409296,1.1175808586440095,2.7206736868789942,-0.6197834864147906,-0.2781245959339144,0.05885551889163978,0.28586746531440693,0.4977973722292186
graph_linear,1.723182356385154,1.0439085765599765,0.09675037671425013,0.30249997909149845,3.0743873180324126,0.29663121452485813,2.6993075096983854,1.144525523760538,2.7936607246067826,-0.6472614942677055,-0.2916979153355734,0.09284322171875849,0.29346443247824816,0.4972640294928325
gnn,1.718038158778709,1.0425115421528568,0.09944683802196463,0.3084347910176237,3.1571860426807024,0.3011367928369491,2.836510972614311,1.1597673206926304,2.971716921483513,-0.6535971865266702,-0.30627144688053815,0.0759798050117968,0.3223309683160113,0.5061701341659604
