,raw_linear_r2,graph_linear_r2,gnn_r2,raw_linear_ic,graph_linear_ic,gnn_ic
Scenario_A,0.08708256620562316,0.09675037671425013,0.09944683802196463,0.28952074637748354,0.30249997909149845,0.3084347910176237
Scenario_B,0.06268704177910656,0.06988568220422431,0.07206452492626403,0.2458539441867563,0.2570229949550785,0.2623611488204727
Scenario_C,0.004026743139558975,0.003419949217376761,0.001703675761266954,0.16631233533813536,0.1632278482251325,0.12909052995173884
