,k_neighbors,raw_r2,graph_r2,raw_mean_ic,graph_mean_ic,delta_r2,delta_ic
0,3,0.08741008290248897,0.09001613227226102,0.2900781774524215,0.29329028220571135,0.0026060493697720455,0.0032121047532898683
1,5,0.08729448140463747,0.09251195849645577,0.2898860232135092,0.29670133594180087,0.005217477091818301,0.006815312728291667
2,10,0.08708256620562316,0.09675037671425013,0.28952074637748354,0.30249997909149845,0.009667810508626973,0.01297923271401491
3,15,0.08693644829641212,0.09994767565300544,0.2892854923166191,0.30737545717506704,0.013011227356593325,0.018089964858447938
4,20,0.08678839416561479,0.10151037293344634,0.28903394157747564,0.3095284949129365,0.014721978767831545,0.020494553335460852
