,gamma,raw_r2,graph_r2,raw_mean_ic,graph_mean_ic,delta_r2,delta_ic
0,0.0,0.06268704177910656,0.06988568220422431,0.2458539441867563,0.2570229949550785,0.007198640425117753,0.011169050768322225
1,0.2,0.07278693379940171,0.081016081972899,0.26482176256772216,0.27677654254820677,0.008229148173497292,0.011954779980484609
2,0.5,0.08708256620562316,0.09675037671425013,0.28952074637748354,0.30249997909149845,0.009667810508626973,0.01297923271401491
3,0.8,0.10009412958185537,0.11105299604800889,0.3102744950286379,0.32411694054870743,0.010958866466153516,0.013842445520069524
4,1.0,0.10800046356524229,0.11973571406049932,0.322227057786537,0.33656803606363656,0.011735250495257032,0.01434097827709957
